model,avg_precision_weighted,avg_recall_weighted
LogisticRegression(multi_class='ovr'),0.6750666101129593,0.722190112231606
MultinomialNB(),0.668271882026678,0.6752693644809827
DecisionTreeClassifier(),0.6076605858460964,0.5988362764296374
RandomForestClassifier(),0.6532697465072499,0.7180286574477446
