model,avg_precision,avg_recall,avg_accuracy
LogisticRegression(),0.7755180084720432,0.851078626799557,0.7512495578885621
MultinomialNB(),0.7504182222228857,0.7453466223698781,0.6856428084643852
DecisionTreeClassifier(),0.734650722464264,0.7260531561461794,0.6644456138232072
RandomForestClassifier(),0.7462667892678472,0.9209058693244738,0.75123316741574
