model,avg_precision,avg_recall,avg_accuracy
LogisticRegression(),0.7541566321377037,0.9109368770764121,0.7566411607905384
MultinomialNB(),0.6718106317807423,0.9827220376522702,0.6872732291819428
DecisionTreeClassifier(),0.7314703191454874,0.7207486157253598,0.6598778478446529
RandomForestClassifier(),0.7546465672025029,0.9135968992248061,0.7570578238628031
