model,avg_precision,avg_recall,avg_f1,avg_accuracy
LogisticRegression(class_weight='balanced'),0.8188790624495136,0.8,0.8091242585797905,0.7660886447371323
DecisionTreeClassifier(class_weight='balanced'),0.7281935539181604,0.7296296296296296,0.7287530300764617,0.6625594752208028
RandomForestClassifier(class_weight='balanced'),0.7579735922821185,0.9160493827160494,0.8291432439204076,0.7656915304343989
HistGradientBoostingClassifier(class_weight='balanced'),0.8046400301111476,0.8290123456790124,0.8163291883615542,0.7683926430898435
