,Academic,Practitioner,accuracy,macro avg,weighted avg
precision,0.5,0.7191283292978208,0.6251728907330567,0.6095641646489104,0.6369930910686238
recall,0.5719557195571956,0.6570796460176991,0.6251728907330567,0.6145176827874473,0.6251728907330567
f1-score,0.5335628227194492,0.6867052023121387,0.6251728907330567,0.6101340125157939,0.62930328686315
support,271.0,452.0,0.6251728907330567,723.0,723.0
